ticker,sector,universe_source
ABMM,Energy,LEGACY_400
ARII,Energy,LEGACY_400
ATLA,Energy,LEGACY_400
BBRM,Energy,LEGACY_400
BESS,Energy,LEGACY_400
BOAT,Energy,LEGACY_400
BSML,Energy,LEGACY_400
BSSR,Energy,LEGACY_400
BULL,Energy,LEGACY_400
CANI,Energy,LEGACY_400
CGAS,Energy,LEGACY_400
COAL,Energy,LEGACY_400
DWGL,Energy,LEGACY_400
ELSA,Energy,LEGACY_400
FIRE,Energy,LEGACY_400
HRUM,Energy,LEGACY_400
IATA,Energy,LEGACY_400
INDY,Energy,LEGACY_400
ITMA,Energy,LEGACY_400
KKGI,Energy,LEGACY_400
KOPI,Energy,LEGACY_400
MAHA,Energy,LEGACY_400
MBAP,Energy,LEGACY_400
MCOL,Energy,LEGACY_400
MKAP,Energy,LEGACY_400
MYOH,Energy,LEGACY_400
PKPK,Energy,LEGACY_400
PSAT,Energy,LEGACY_400
PSSI,Energy,LEGACY_400
PTIS,Energy,LEGACY_400
RAJA,Energy,LEGACY_400
RATU,Energy,LEGACY_400
RGAS,Energy,LEGACY_400
RMKE,Energy,LEGACY_400
RMKO,Energy,LEGACY_400
RUIS,Energy,LEGACY_400
SEMA,Energy,LEGACY_400
SGER,Energy,LEGACY_400
SICO,Energy,LEGACY_400
SMMT,Energy,LEGACY_400
SOCI,Energy,LEGACY_400
SUNI,Energy,LEGACY_400
TCPI,Energy,LEGACY_400
TEBE,Energy,LEGACY_400
TOBA,Energy,LEGACY_400
TPMA,Energy,LEGACY_400
UNIQ,Energy,LEGACY_400
WINS,Energy,LEGACY_400
WOWS,Energy,LEGACY_400
ADMG,Basic Materials,LEGACY_400
AGII,Basic Materials,LEGACY_400
AKPI,Basic Materials,LEGACY_400
ALDO,Basic Materials,LEGACY_400
ALKA,Basic Materials,LEGACY_400
APLI,Basic Materials,LEGACY_400
ASPR,Basic Materials,LEGACY_400
AYLS,Basic Materials,LEGACY_400
BATR,Basic Materials,LEGACY_400
BLES,Basic Materials,LEGACY_400
BMSR,Basic Materials,LEGACY_400
BRNA,Basic Materials,LEGACY_400
CHEM,Basic Materials,LEGACY_400
CITA,Basic Materials,LEGACY_400
CLPI,Basic Materials,LEGACY_400
CTBN,Basic Materials,LEGACY_400
DGWG,Basic Materials,LEGACY_400
DKFT,Basic Materials,LEGACY_400
EKAD,Basic Materials,LEGACY_400
EPAC,Basic Materials,LEGACY_400
ESIP,Basic Materials,LEGACY_400
ESSA,Basic Materials,LEGACY_400
FASW,Basic Materials,LEGACY_400
FPNI,Basic Materials,LEGACY_400
FWCT,Basic Materials,LEGACY_400
GDST,Basic Materials,LEGACY_400
GGRP,Basic Materials,LEGACY_400
IFII,Basic Materials,LEGACY_400
IFSH,Basic Materials,LEGACY_400
IGAR,Basic Materials,LEGACY_400
INCI,Basic Materials,LEGACY_400
INTD,Basic Materials,LEGACY_400
IPOL,Basic Materials,LEGACY_400
ISSP,Basic Materials,LEGACY_400
KDSI,Basic Materials,LEGACY_400
KKES,Basic Materials,LEGACY_400
LMSH,Basic Materials,LEGACY_400
LTLS,Basic Materials,LEGACY_400
MDKI,Basic Materials,LEGACY_400
MINE,Basic Materials,LEGACY_400
NICE,Basic Materials,LEGACY_400
NICL,Basic Materials,LEGACY_400
NIKL,Basic Materials,LEGACY_400
OBMD,Basic Materials,LEGACY_400
OKAS,Basic Materials,LEGACY_400
PACK,Basic Materials,LEGACY_400
PBID,Basic Materials,LEGACY_400
PDPP,Basic Materials,LEGACY_400
PICO,Basic Materials,LEGACY_400
PPRI,Basic Materials,LEGACY_400
PSAB,Basic Materials,LEGACY_400
PTMR,Basic Materials,LEGACY_400
SAMF,Basic Materials,LEGACY_400
SBMA,Basic Materials,LEGACY_400
SMBR,Basic Materials,LEGACY_400
SMCB,Basic Materials,LEGACY_400
SMGA,Basic Materials,LEGACY_400
SMKL,Basic Materials,LEGACY_400
SMLE,Basic Materials,LEGACY_400
SOLA,Basic Materials,LEGACY_400
SPMA,Basic Materials,LEGACY_400
SULI,Basic Materials,LEGACY_400
TALF,Basic Materials,LEGACY_400
TBMS,Basic Materials,LEGACY_400
TIRT,Basic Materials,LEGACY_400
TRST,Basic Materials,LEGACY_400
UNIC,Basic Materials,LEGACY_400
WTON,Basic Materials,LEGACY_400
YPAS,Basic Materials,LEGACY_400
AMFG,Industrials,LEGACY_400
AMIN,Industrials,LEGACY_400
APII,Industrials,LEGACY_400
ARNA,Industrials,LEGACY_400
ASGR,Industrials,LEGACY_400
BINO,Industrials,LEGACY_400
BLUE,Industrials,LEGACY_400
CAKK,Industrials,LEGACY_400
CCSI,Industrials,LEGACY_400
CRSN,Industrials,LEGACY_400
DYAN,Industrials,LEGACY_400
FOLK,Industrials,LEGACY_400
GPSO,Industrials,LEGACY_400
HOPE,Industrials,LEGACY_400
HYGN,Industrials,LEGACY_400
ICON,Industrials,LEGACY_400
IKAI,Industrials,LEGACY_400
IKBI,Industrials,LEGACY_400
JECC,Industrials,LEGACY_400
JTPE,Industrials,LEGACY_400
KBLI,Industrials,LEGACY_400
KBLM,Industrials,LEGACY_400
KIAS,Industrials,LEGACY_400
KING,Industrials,LEGACY_400
KOBX,Industrials,LEGACY_400
KOIN,Industrials,LEGACY_400
KONI,Industrials,LEGACY_400
KUAS,Industrials,LEGACY_400
LION,Industrials,LEGACY_400
MARK,Industrials,LEGACY_400
MFMI,Industrials,LEGACY_400
MHKI,Industrials,LEGACY_400
MLIA,Industrials,LEGACY_400
MUTU,Industrials,LEGACY_400
NAIK,Industrials,LEGACY_400
NTBK,Industrials,LEGACY_400
PADA,Industrials,LEGACY_400
PTMP,Industrials,LEGACY_400
SCCO,Industrials,LEGACY_400
SKRN,Industrials,LEGACY_400
SMIL,Industrials,LEGACY_400
SOSS,Industrials,LEGACY_400
SPTO,Industrials,LEGACY_400
TIRA,Industrials,LEGACY_400
TOTO,Industrials,LEGACY_400
VISI,Industrials,LEGACY_400
VOKS,Industrials,LEGACY_400
WIDI,Industrials,LEGACY_400
AGAR,Consumer Non-Cyclicals,LEGACY_400
AISA,Consumer Non-Cyclicals,LEGACY_400
AMMS,Consumer Non-Cyclicals,LEGACY_400
ASHA,Consumer Non-Cyclicals,LEGACY_400
AYAM,Consumer Non-Cyclicals,LEGACY_400
BISI,Consumer Non-Cyclicals,LEGACY_400
BOBA,Consumer Non-Cyclicals,LEGACY_400
BRRC,Consumer Non-Cyclicals,LEGACY_400
BUAH,Consumer Non-Cyclicals,LEGACY_400
BUDI,Consumer Non-Cyclicals,LEGACY_400
BWPT,Consumer Non-Cyclicals,LEGACY_400
CAMP,Consumer Non-Cyclicals,LEGACY_400
CEKA,Consumer Non-Cyclicals,LEGACY_400
CLEO,Consumer Non-Cyclicals,LEGACY_400
CPRO,Consumer Non-Cyclicals,LEGACY_400
CSRA,Consumer Non-Cyclicals,LEGACY_400
DAYA,Consumer Non-Cyclicals,LEGACY_400
DEWI,Consumer Non-Cyclicals,LEGACY_400
DMND,Consumer Non-Cyclicals,LEGACY_400
DSFI,Consumer Non-Cyclicals,LEGACY_400
DSNG,Consumer Non-Cyclicals,LEGACY_400
EPMT,Consumer Non-Cyclicals,LEGACY_400
EURO,Consumer Non-Cyclicals,LEGACY_400
FISH,Consumer Non-Cyclicals,LEGACY_400
FLMC,Consumer Non-Cyclicals,LEGACY_400
FOOD,Consumer Non-Cyclicals,LEGACY_400
FORE,Consumer Non-Cyclicals,LEGACY_400
GOOD,Consumer Non-Cyclicals,LEGACY_400
GRPM,Consumer Non-Cyclicals,LEGACY_400
GULA,Consumer Non-Cyclicals,LEGACY_400
GUNA,Consumer Non-Cyclicals,LEGACY_400
GZCO,Consumer Non-Cyclicals,LEGACY_400
HERO,Consumer Non-Cyclicals,LEGACY_400
HOKI,Consumer Non-Cyclicals,LEGACY_400
IKAN,Consumer Non-Cyclicals,LEGACY_400
JARR,Consumer Non-Cyclicals,LEGACY_400
JAWA,Consumer Non-Cyclicals,LEGACY_400
KEJU,Consumer Non-Cyclicals,LEGACY_400
KINO,Consumer Non-Cyclicals,LEGACY_400
KMDS,Consumer Non-Cyclicals,LEGACY_400
LSIP,Consumer Non-Cyclicals,LEGACY_400
MAIN,Consumer Non-Cyclicals,LEGACY_400
MAXI,Consumer Non-Cyclicals,LEGACY_400
MBTO,Consumer Non-Cyclicals,LEGACY_400
MKTR,Consumer Non-Cyclicals,LEGACY_400
MLPL,Consumer Non-Cyclicals,LEGACY_400
MPPA,Consumer Non-Cyclicals,LEGACY_400
MRAT,Consumer Non-Cyclicals,LEGACY_400
MSJA,Consumer Non-Cyclicals,LEGACY_400
NANO,Consumer Non-Cyclicals,LEGACY_400
NASI,Consumer Non-Cyclicals,LEGACY_400
NAYZ,Consumer Non-Cyclicals,LEGACY_400
NEST,Consumer Non-Cyclicals,LEGACY_400
PCAR,Consumer Non-Cyclicals,LEGACY_400
PNGO,Consumer Non-Cyclicals,LEGACY_400
PSDN,Consumer Non-Cyclicals,LEGACY_400
PSGO,Consumer Non-Cyclicals,LEGACY_400
PTPS,Consumer Non-Cyclicals,LEGACY_400
RANC,Consumer Non-Cyclicals,LEGACY_400
ROTI,Consumer Non-Cyclicals,LEGACY_400
SDPC,Consumer Non-Cyclicals,LEGACY_400
SGRO,Consumer Non-Cyclicals,LEGACY_400
SIMP,Consumer Non-Cyclicals,LEGACY_400
SIPD,Consumer Non-Cyclicals,LEGACY_400
SKBM,Consumer Non-Cyclicals,LEGACY_400
SKLT,Consumer Non-Cyclicals,LEGACY_400
STAA,Consumer Non-Cyclicals,LEGACY_400
STTP,Consumer Non-Cyclicals,LEGACY_400
TCID,Consumer Non-Cyclicals,LEGACY_400
TGKA,Consumer Non-Cyclicals,LEGACY_400
TGUK,Consumer Non-Cyclicals,LEGACY_400
TLDN,Consumer Non-Cyclicals,LEGACY_400
UCID,Consumer Non-Cyclicals,LEGACY_400
UDNG,Consumer Non-Cyclicals,LEGACY_400
VICI,Consumer Non-Cyclicals,LEGACY_400
WAPO,Consumer Non-Cyclicals,LEGACY_400
YUPI,Consumer Non-Cyclicals,LEGACY_400
BMHS,Healthcare,LEGACY_400
CARE,Healthcare,LEGACY_400
CHEK,Healthcare,LEGACY_400
DGNS,Healthcare,LEGACY_400
DVLA,Healthcare,LEGACY_400
HALO,Healthcare,LEGACY_400
IKPM,Healthcare,LEGACY_400
IRRA,Healthcare,LEGACY_400
LABS,Healthcare,LEGACY_400
MDLA,Healthcare,LEGACY_400
MEDS,Healthcare,LEGACY_400
MERK,Healthcare,LEGACY_400
MMIX,Healthcare,LEGACY_400
MTMH,Healthcare,LEGACY_400
OBAT,Healthcare,LEGACY_400
OMED,Healthcare,LEGACY_400
PEHA,Healthcare,LEGACY_400
PEVE,Healthcare,LEGACY_400
PRAY,Healthcare,LEGACY_400
PRDA,Healthcare,LEGACY_400
PRIM,Healthcare,LEGACY_400
RSCH,Healthcare,LEGACY_400
RSGK,Healthcare,LEGACY_400
SAME,Healthcare,LEGACY_400
SCPI,Healthcare,LEGACY_400
SOHO,Healthcare,LEGACY_400
SURI,Healthcare,LEGACY_400
TSPC,Healthcare,LEGACY_400
ADCP,Properties & Real Estate,LEGACY_400
AMAN,Properties & Real Estate,LEGACY_400
APLN,Properties & Real Estate,LEGACY_400
ASPI,Properties & Real Estate,LEGACY_400
ASRI,Properties & Real Estate,LEGACY_400
ATAP,Properties & Real Estate,LEGACY_400
BAPI,Properties & Real Estate,LEGACY_400
BBSS,Properties & Real Estate,LEGACY_400
BCIP,Properties & Real Estate,LEGACY_400
BEST,Properties & Real Estate,LEGACY_400
BIPP,Properties & Real Estate,LEGACY_400
BKDP,Properties & Real Estate,LEGACY_400
BKSL,Properties & Real Estate,LEGACY_400
BSBK,Properties & Real Estate,LEGACY_400
CITY,Properties & Real Estate,LEGACY_400
CSIS,Properties & Real Estate,LEGACY_400
DADA,Properties & Real Estate,LEGACY_400
DILD,Properties & Real Estate,LEGACY_400
DMAS,Properties & Real Estate,LEGACY_400
DUTI,Properties & Real Estate,LEGACY_400
ELTY,Properties & Real Estate,LEGACY_400
EMDE,Properties & Real Estate,LEGACY_400
FMII,Properties & Real Estate,LEGACY_400
GMTD,Properties & Real Estate,LEGACY_400
GPRA,Properties & Real Estate,LEGACY_400
GRIA,Properties & Real Estate,LEGACY_400
HBAT,Properties & Real Estate,LEGACY_400
HOMI,Properties & Real Estate,LEGACY_400
INPP,Properties & Real Estate,LEGACY_400
IPAC,Properties & Real Estate,LEGACY_400
JRPT,Properties & Real Estate,LEGACY_400
KBAG,Properties & Real Estate,LEGACY_400
KIJA,Properties & Real Estate,LEGACY_400
KOCI,Properties & Real Estate,LEGACY_400
LAND,Properties & Real Estate,LEGACY_400
LPCK,Properties & Real Estate,LEGACY_400
LPLI,Properties & Real Estate,LEGACY_400
MMLP,Properties & Real Estate,LEGACY_400
MSIE,Properties & Real Estate,LEGACY_400
MTLA,Properties & Real Estate,LEGACY_400
MTSM,Properties & Real Estate,LEGACY_400
NZIA,Properties & Real Estate,LEGACY_400
PAMG,Properties & Real Estate,LEGACY_400
PLIN,Properties & Real Estate,LEGACY_400
POLI,Properties & Real Estate,LEGACY_400
PURI,Properties & Real Estate,LEGACY_400
RBMS,Properties & Real Estate,LEGACY_400
REAL,Properties & Real Estate,LEGACY_400
RELF,Properties & Real Estate,LEGACY_400
RISE,Properties & Real Estate,LEGACY_400
ROCK,Properties & Real Estate,LEGACY_400
RODA,Properties & Real Estate,LEGACY_400
SAGE,Properties & Real Estate,LEGACY_400
SATU,Properties & Real Estate,LEGACY_400
SMDM,Properties & Real Estate,LEGACY_400
SMRA,Properties & Real Estate,LEGACY_400
UANG,Properties & Real Estate,LEGACY_400
URBN,Properties & Real Estate,LEGACY_400
VAST,Properties & Real Estate,LEGACY_400
WINR,Properties & Real Estate,LEGACY_400
AREA,Technology,LEGACY_400
ATIC,Technology,LEGACY_400
AWAN,Technology,LEGACY_400
AXIO,Technology,LEGACY_400
CASH,Technology,LEGACY_400
CHIP,Technology,LEGACY_400
CYBR,Technology,LEGACY_400
DIVA,Technology,LEGACY_400
DMMX,Technology,LEGACY_400
ELIT,Technology,LEGACY_400
GLVA,Technology,LEGACY_400
HDIT,Technology,LEGACY_400
IOTF,Technology,LEGACY_400
IRSX,Technology,LEGACY_400
JATI,Technology,LEGACY_400
KIOS,Technology,LEGACY_400
KREN,Technology,LEGACY_400
LUCK,Technology,LEGACY_400
MCAS,Technology,LEGACY_400
MPIX,Technology,LEGACY_400
MSTI,Technology,LEGACY_400
MTDL,Technology,LEGACY_400
NFCX,Technology,LEGACY_400
PGJO,Technology,LEGACY_400
PTSN,Technology,LEGACY_400
RUNS,Technology,LEGACY_400
TFAS,Technology,LEGACY_400
TOSK,Technology,LEGACY_400
TRON,Technology,LEGACY_400
UVCR,Technology,LEGACY_400
WGSH,Technology,LEGACY_400
WIFI,Technology,LEGACY_400
WIRG,Technology,LEGACY_400
ZYRX,Technology,LEGACY_400
ASLI,Infrastructures,LEGACY_400
BALI,Infrastructures,LEGACY_400
BDKR,Infrastructures,LEGACY_400
CMNP,Infrastructures,LEGACY_400
DATA,Infrastructures,LEGACY_400
DGIK,Infrastructures,LEGACY_400
FIMP,Infrastructures,LEGACY_400
GHON,Infrastructures,LEGACY_400
GOLD,Infrastructures,LEGACY_400
HADE,Infrastructures,LEGACY_400
IBST,Infrastructures,LEGACY_400
IDPR,Infrastructures,LEGACY_400
INET,Infrastructures,LEGACY_400
IPCM,Infrastructures,LEGACY_400
JAST,Infrastructures,LEGACY_400
JKON,Infrastructures,LEGACY_400
KARW,Infrastructures,LEGACY_400
KEEN,Infrastructures,LEGACY_400
KETR,Infrastructures,LEGACY_400
KOKA,Infrastructures,LEGACY_400
MANG,Infrastructures,LEGACY_400
META,Infrastructures,LEGACY_400
MPOW,Infrastructures,LEGACY_400
MTPS,Infrastructures,LEGACY_400
NRCA,Infrastructures,LEGACY_400
PORT,Infrastructures,LEGACY_400
POWR,Infrastructures,LEGACY_400
PPRE,Infrastructures,LEGACY_400
PTPP,Infrastructures,LEGACY_400
PTPW,Infrastructures,LEGACY_400
SMKM,Infrastructures,LEGACY_400
SSIA,Infrastructures,LEGACY_400
TAMA,Infrastructures,LEGACY_400
TOTL,Infrastructures,LEGACY_400
WEGE,Infrastructures,LEGACY_400
BBCA,UNKNOWN,IDX_ACTIVE_LIQUIDITY_ADD
DSSA,UNKNOWN,IDX_ACTIVE_LIQUIDITY_ADD
TPIA,UNKNOWN,IDX_ACTIVE_LIQUIDITY_ADD
BUMI,UNKNOWN,IDX_ACTIVE_LIQUIDITY_ADD
BBRI,UNKNOWN,IDX_ACTIVE_LIQUIDITY_ADD
BMRI,UNKNOWN,IDX_ACTIVE_LIQUIDITY_ADD
CUAN,UNKNOWN,IDX_ACTIVE_LIQUIDITY_ADD
ANTM,UNKNOWN,IDX_ACTIVE_LIQUIDITY_ADD
BRMS,UNKNOWN,IDX_ACTIVE_LIQUIDITY_ADD
ASII,UNKNOWN,IDX_ACTIVE_LIQUIDITY_ADD
AMMN,UNKNOWN,IDX_ACTIVE_LIQUIDITY_ADD
PTRO,UNKNOWN,IDX_ACTIVE_LIQUIDITY_ADD
TLKM,UNKNOWN,IDX_ACTIVE_LIQUIDITY_ADD
DEWA,UNKNOWN,IDX_ACTIVE_LIQUIDITY_ADD
EMAS,UNKNOWN,IDX_ACTIVE_LIQUIDITY_ADD
TINS,UNKNOWN,IDX_ACTIVE_LIQUIDITY_ADD
BRPT,UNKNOWN,IDX_ACTIVE_LIQUIDITY_ADD
ISAT,UNKNOWN,IDX_ACTIVE_LIQUIDITY_ADD
KOTA,UNKNOWN,IDX_ACTIVE_LIQUIDITY_ADD
BNBR,UNKNOWN,IDX_ACTIVE_LIQUIDITY_ADD
BBNI,UNKNOWN,IDX_ACTIVE_LIQUIDITY_ADD
BREN,UNKNOWN,IDX_ACTIVE_LIQUIDITY_ADD
MDKA,UNKNOWN,IDX_ACTIVE_LIQUIDITY_ADD
ENRG,UNKNOWN,IDX_ACTIVE_LIQUIDITY_ADD
AADI,UNKNOWN,IDX_ACTIVE_LIQUIDITY_ADD
UNTR,UNKNOWN,IDX_ACTIVE_LIQUIDITY_ADD
ADRO,UNKNOWN,IDX_ACTIVE_LIQUIDITY_ADD
ARCI,UNKNOWN,IDX_ACTIVE_LIQUIDITY_ADD
VKTR,UNKNOWN,IDX_ACTIVE_LIQUIDITY_ADD
JGLE,UNKNOWN,IDX_ACTIVE_LIQUIDITY_ADD
BIPI,UNKNOWN,IDX_ACTIVE_LIQUIDITY_ADD
MEDC,UNKNOWN,IDX_ACTIVE_LIQUIDITY_ADD
BUVA,UNKNOWN,IDX_ACTIVE_LIQUIDITY_ADD
MBMA,UNKNOWN,IDX_ACTIVE_LIQUIDITY_ADD
ADMR,UNKNOWN,IDX_ACTIVE_LIQUIDITY_ADD
CPIN,UNKNOWN,IDX_ACTIVE_LIQUIDITY_ADD
INCO,UNKNOWN,IDX_ACTIVE_LIQUIDITY_ADD
KLBF,UNKNOWN,IDX_ACTIVE_LIQUIDITY_ADD
AMRT,UNKNOWN,IDX_ACTIVE_LIQUIDITY_ADD
ERAA,UNKNOWN,IDX_ACTIVE_LIQUIDITY_ADD
PGAS,UNKNOWN,IDX_ACTIVE_LIQUIDITY_ADD
CDIA,UNKNOWN,IDX_ACTIVE_LIQUIDITY_ADD
INDF,UNKNOWN,IDX_ACTIVE_LIQUIDITY_ADD
ITMG,UNKNOWN,IDX_ACTIVE_LIQUIDITY_ADD
NCKL,UNKNOWN,IDX_ACTIVE_LIQUIDITY_ADD
TAPG,UNKNOWN,IDX_ACTIVE_LIQUIDITY_ADD
HRTA,UNKNOWN,IDX_ACTIVE_LIQUIDITY_ADD
ICBP,UNKNOWN,IDX_ACTIVE_LIQUIDITY_ADD
INKP,UNKNOWN,IDX_ACTIVE_LIQUIDITY_ADD
SMGR,UNKNOWN,IDX_ACTIVE_LIQUIDITY_ADD
PANI,UNKNOWN,IDX_ACTIVE_LIQUIDITY_ADD
BRIS,UNKNOWN,IDX_ACTIVE_LIQUIDITY_ADD
FUTR,UNKNOWN,IDX_ACTIVE_LIQUIDITY_ADD
JPFA,UNKNOWN,IDX_ACTIVE_LIQUIDITY_ADD
BACH,UNKNOWN,IDX_ACTIVE_LIQUIDITY_ADD
TOWR,UNKNOWN,IDX_ACTIVE_LIQUIDITY_ADD
PTBA,UNKNOWN,IDX_ACTIVE_LIQUIDITY_ADD
EMTK,UNKNOWN,IDX_ACTIVE_LIQUIDITY_ADD
GGRM,UNKNOWN,IDX_ACTIVE_LIQUIDITY_ADD
COCO,UNKNOWN,IDX_ACTIVE_LIQUIDITY_ADD
PIPA,UNKNOWN,IDX_ACTIVE_LIQUIDITY_ADD
UNVR,UNKNOWN,IDX_ACTIVE_LIQUIDITY_ADD
TKIM,UNKNOWN,IDX_ACTIVE_LIQUIDITY_ADD
FILM,UNKNOWN,IDX_ACTIVE_LIQUIDITY_ADD
CMNT,UNKNOWN,IDX_ACTIVE_LIQUIDITY_ADD
COIN,UNKNOWN,IDX_ACTIVE_LIQUIDITY_ADD
BFIN,UNKNOWN,IDX_ACTIVE_LIQUIDITY_ADD
MYOR,UNKNOWN,IDX_ACTIVE_LIQUIDITY_ADD
PADI,UNKNOWN,IDX_ACTIVE_LIQUIDITY_ADD
RANS,UNKNOWN,IDX_ACTIVE_LIQUIDITY_ADD
MGLV,UNKNOWN,IDX_ACTIVE_LIQUIDITY_ADD
BBTN,UNKNOWN,IDX_ACTIVE_LIQUIDITY_ADD
MTEL,UNKNOWN,IDX_ACTIVE_LIQUIDITY_ADD
ARKO,UNKNOWN,IDX_ACTIVE_LIQUIDITY_ADD
AKRA,UNKNOWN,IDX_ACTIVE_LIQUIDITY_ADD
ARTO,UNKNOWN,IDX_ACTIVE_LIQUIDITY_ADD
HATM,UNKNOWN,IDX_ACTIVE_LIQUIDITY_ADD
PGEO,UNKNOWN,IDX_ACTIVE_LIQUIDITY_ADD
EXCL,UNKNOWN,IDX_ACTIVE_LIQUIDITY_ADD
IMPC,UNKNOWN,IDX_ACTIVE_LIQUIDITY_ADD
KPIG,UNKNOWN,IDX_ACTIVE_LIQUIDITY_ADD
GIAA,UNKNOWN,IDX_ACTIVE_LIQUIDITY_ADD
SINI,UNKNOWN,IDX_ACTIVE_LIQUIDITY_ADD
BSDE,UNKNOWN,IDX_ACTIVE_LIQUIDITY_ADD
BAIK,UNKNOWN,IDX_ACTIVE_LIQUIDITY_ADD
MAPA,UNKNOWN,IDX_ACTIVE_LIQUIDITY_ADD
BUKA,UNKNOWN,IDX_ACTIVE_LIQUIDITY_ADD
MSIN,UNKNOWN,IDX_ACTIVE_LIQUIDITY_ADD
CMRY,UNKNOWN,IDX_ACTIVE_LIQUIDITY_ADD
PWON,UNKNOWN,IDX_ACTIVE_LIQUIDITY_ADD
SRTG,UNKNOWN,IDX_ACTIVE_LIQUIDITY_ADD
TMPO,UNKNOWN,IDX_ACTIVE_LIQUIDITY_ADD
MINA,UNKNOWN,IDX_ACTIVE_LIQUIDITY_ADD
LUCY,UNKNOWN,IDX_ACTIVE_LIQUIDITY_ADD
HEAL,UNKNOWN,IDX_ACTIVE_LIQUIDITY_ADD
AALI,UNKNOWN,IDX_ACTIVE_LIQUIDITY_ADD
LPKR,UNKNOWN,IDX_ACTIVE_LIQUIDITY_ADD
HMSP,UNKNOWN,IDX_ACTIVE_LIQUIDITY_ADD
SIDO,UNKNOWN,IDX_ACTIVE_LIQUIDITY_ADD
AUTO,UNKNOWN,IDX_ACTIVE_LIQUIDITY_ADD
INTP,UNKNOWN,IDX_ACTIVE_LIQUIDITY_ADD
FAST,UNKNOWN,IDX_ACTIVE_LIQUIDITY_ADD
BYAN,UNKNOWN,IDX_ACTIVE_LIQUIDITY_ADD
SSMS,UNKNOWN,IDX_ACTIVE_LIQUIDITY_ADD
HUMI,UNKNOWN,IDX_ACTIVE_LIQUIDITY_ADD
BDMN,UNKNOWN,IDX_ACTIVE_LIQUIDITY_ADD
MDIA,UNKNOWN,IDX_ACTIVE_LIQUIDITY_ADD
WBSA,UNKNOWN,IDX_ACTIVE_LIQUIDITY_ADD
OASA,UNKNOWN,IDX_ACTIVE_LIQUIDITY_ADD
SUPA,UNKNOWN,IDX_ACTIVE_LIQUIDITY_ADD
GTSI,UNKNOWN,IDX_ACTIVE_LIQUIDITY_ADD
SCMA,UNKNOWN,IDX_ACTIVE_LIQUIDITY_ADD
CBDK,UNKNOWN,IDX_ACTIVE_LIQUIDITY_ADD
NSSS,UNKNOWN,IDX_ACTIVE_LIQUIDITY_ADD
GMFI,UNKNOWN,IDX_ACTIVE_LIQUIDITY_ADD
MAPI,UNKNOWN,IDX_ACTIVE_LIQUIDITY_ADD
ACES,UNKNOWN,IDX_ACTIVE_LIQUIDITY_ADD
GJTL,UNKNOWN,IDX_ACTIVE_LIQUIDITY_ADD
BMTR,UNKNOWN,IDX_ACTIVE_LIQUIDITY_ADD
JSMR,UNKNOWN,IDX_ACTIVE_LIQUIDITY_ADD
CTRA,UNKNOWN,IDX_ACTIVE_LIQUIDITY_ADD
YELO,UNKNOWN,IDX_ACTIVE_LIQUIDITY_ADD
BBYB,UNKNOWN,IDX_ACTIVE_LIQUIDITY_ADD
MIKA,UNKNOWN,IDX_ACTIVE_LIQUIDITY_ADD
CBRE,UNKNOWN,IDX_ACTIVE_LIQUIDITY_ADD
MNCN,UNKNOWN,IDX_ACTIVE_LIQUIDITY_ADD
ASSA,UNKNOWN,IDX_ACTIVE_LIQUIDITY_ADD
PNLF,UNKNOWN,IDX_ACTIVE_LIQUIDITY_ADD
SLIS,UNKNOWN,IDX_ACTIVE_LIQUIDITY_ADD
ZATA,UNKNOWN,IDX_ACTIVE_LIQUIDITY_ADD
SMSM,UNKNOWN,IDX_ACTIVE_LIQUIDITY_ADD
BBHI,UNKNOWN,IDX_ACTIVE_LIQUIDITY_ADD
PRDL,UNKNOWN,IDX_ACTIVE_LIQUIDITY_ADD
TRIN,UNKNOWN,IDX_ACTIVE_LIQUIDITY_ADD
INDO,UNKNOWN,IDX_ACTIVE_LIQUIDITY_ADD
JECX,UNKNOWN,IDX_ACTIVE_LIQUIDITY_ADD
MLPT,UNKNOWN,IDX_ACTIVE_LIQUIDITY_ADD
BEEF,UNKNOWN,IDX_ACTIVE_LIQUIDITY_ADD
WMUU,UNKNOWN,IDX_ACTIVE_LIQUIDITY_ADD
MEJA,UNKNOWN,IDX_ACTIVE_LIQUIDITY_ADD
JELI,UNKNOWN,IDX_ACTIVE_LIQUIDITY_ADD
BBKP,UNKNOWN,IDX_ACTIVE_LIQUIDITY_ADD
KDTN,UNKNOWN,IDX_ACTIVE_LIQUIDITY_ADD
ULTJ,UNKNOWN,IDX_ACTIVE_LIQUIDITY_ADD
AVIA,UNKNOWN,IDX_ACTIVE_LIQUIDITY_ADD
KBLV,UNKNOWN,IDX_ACTIVE_LIQUIDITY_ADD
SRSN,UNKNOWN,IDX_ACTIVE_LIQUIDITY_ADD
MPMX,UNKNOWN,IDX_ACTIVE_LIQUIDITY_ADD
MBSS,UNKNOWN,IDX_ACTIVE_LIQUIDITY_ADD
BNGA,UNKNOWN,IDX_ACTIVE_LIQUIDITY_ADD
SMDR,UNKNOWN,IDX_ACTIVE_LIQUIDITY_ADD
SNLK,UNKNOWN,IDX_ACTIVE_LIQUIDITY_ADD
GRPH,UNKNOWN,IDX_ACTIVE_LIQUIDITY_ADD
KAQI,UNKNOWN,IDX_ACTIVE_LIQUIDITY_ADD
VIVA,UNKNOWN,IDX_ACTIVE_LIQUIDITY_ADD
PSKT,UNKNOWN,IDX_ACTIVE_LIQUIDITY_ADD
PYFA,UNKNOWN,IDX_ACTIVE_LIQUIDITY_ADD
MGRO,UNKNOWN,IDX_ACTIVE_LIQUIDITY_ADD
SQMI,UNKNOWN,IDX_ACTIVE_LIQUIDITY_ADD
PEGE,UNKNOWN,IDX_ACTIVE_LIQUIDITY_ADD
RLCO,UNKNOWN,IDX_ACTIVE_LIQUIDITY_ADD
LEAD,UNKNOWN,IDX_ACTIVE_LIQUIDITY_ADD
WIIM,UNKNOWN,IDX_ACTIVE_LIQUIDITY_ADD
APEX,UNKNOWN,IDX_ACTIVE_LIQUIDITY_ADD
NISP,UNKNOWN,IDX_ACTIVE_LIQUIDITY_ADD
VERN,UNKNOWN,IDX_ACTIVE_LIQUIDITY_ADD
CNMA,UNKNOWN,IDX_ACTIVE_LIQUIDITY_ADD
TUGU,UNKNOWN,IDX_ACTIVE_LIQUIDITY_ADD
VTNY,UNKNOWN,IDX_ACTIVE_LIQUIDITY_ADD
BJTM,UNKNOWN,IDX_ACTIVE_LIQUIDITY_ADD
BAPA,UNKNOWN,IDX_ACTIVE_LIQUIDITY_ADD
LAPD,UNKNOWN,IDX_ACTIVE_LIQUIDITY_ADD
MIDI,UNKNOWN,IDX_ACTIVE_LIQUIDITY_ADD
HEXA,UNKNOWN,IDX_ACTIVE_LIQUIDITY_ADD
SDMU,UNKNOWN,IDX_ACTIVE_LIQUIDITY_ADD
KRYA,UNKNOWN,IDX_ACTIVE_LIQUIDITY_ADD
FORU,UNKNOWN,IDX_ACTIVE_LIQUIDITY_ADD
LPPF,UNKNOWN,IDX_ACTIVE_LIQUIDITY_ADD
MORA,UNKNOWN,IDX_ACTIVE_LIQUIDITY_ADD
WMPP,UNKNOWN,IDX_ACTIVE_LIQUIDITY_ADD
LIVE,UNKNOWN,IDX_ACTIVE_LIQUIDITY_ADD
BTPS,UNKNOWN,IDX_ACTIVE_LIQUIDITY_ADD
ENZO,UNKNOWN,IDX_ACTIVE_LIQUIDITY_ADD
BJBR,UNKNOWN,IDX_ACTIVE_LIQUIDITY_ADD
BELL,UNKNOWN,IDX_ACTIVE_LIQUIDITY_ADD
BEER,UNKNOWN,IDX_ACTIVE_LIQUIDITY_ADD
SOFA,UNKNOWN,IDX_ACTIVE_LIQUIDITY_ADD
PNBN,UNKNOWN,IDX_ACTIVE_LIQUIDITY_ADD
EMMI,UNKNOWN,IDX_ACTIVE_LIQUIDITY_ADD
NETV,UNKNOWN,IDX_ACTIVE_LIQUIDITY_ADD
AHAP,UNKNOWN,IDX_ACTIVE_LIQUIDITY_ADD
TRUK,UNKNOWN,IDX_ACTIVE_LIQUIDITY_ADD
UNTD,UNKNOWN,IDX_ACTIVE_LIQUIDITY_ADD
ERAL,UNKNOWN,IDX_ACTIVE_LIQUIDITY_ADD
BIRD,UNKNOWN,IDX_ACTIVE_LIQUIDITY_ADD
DEFI,UNKNOWN,IDX_ACTIVE_LIQUIDITY_ADD
CTTH,UNKNOWN,IDX_ACTIVE_LIQUIDITY_ADD
SWID,UNKNOWN,IDX_ACTIVE_LIQUIDITY_ADD
BAJA,UNKNOWN,IDX_ACTIVE_LIQUIDITY_ADD
KRAS,UNKNOWN,IDX_ACTIVE_LIQUIDITY_ADD
DPUM,UNKNOWN,IDX_ACTIVE_LIQUIDITY_ADD
LAJU,UNKNOWN,IDX_ACTIVE_LIQUIDITY_ADD
KJEN,UNKNOWN,IDX_ACTIVE_LIQUIDITY_ADD
NPGF,UNKNOWN,IDX_ACTIVE_LIQUIDITY_ADD
ADHI,UNKNOWN,IDX_ACTIVE_LIQUIDITY_ADD
BINA,UNKNOWN,IDX_ACTIVE_LIQUIDITY_ADD
TOOL,UNKNOWN,IDX_ACTIVE_LIQUIDITY_ADD
NINE,UNKNOWN,IDX_ACTIVE_LIQUIDITY_ADD
WOOD,UNKNOWN,IDX_ACTIVE_LIQUIDITY_ADD
MKPI,UNKNOWN,IDX_ACTIVE_LIQUIDITY_ADD
ASLC,UNKNOWN,IDX_ACTIVE_LIQUIDITY_ADD
DRMA,UNKNOWN,IDX_ACTIVE_LIQUIDITY_ADD
NOBU,UNKNOWN,IDX_ACTIVE_LIQUIDITY_ADD
DAAZ,UNKNOWN,IDX_ACTIVE_LIQUIDITY_ADD
AGRO,UNKNOWN,IDX_ACTIVE_LIQUIDITY_ADD
BTEK,UNKNOWN,IDX_ACTIVE_LIQUIDITY_ADD
MOLI,UNKNOWN,IDX_ACTIVE_LIQUIDITY_ADD
TBLA,UNKNOWN,IDX_ACTIVE_LIQUIDITY_ADD
RALS,UNKNOWN,IDX_ACTIVE_LIQUIDITY_ADD
CSMI,UNKNOWN,IDX_ACTIVE_LIQUIDITY_ADD
MSKY,UNKNOWN,IDX_ACTIVE_LIQUIDITY_ADD
OILS,UNKNOWN,IDX_ACTIVE_LIQUIDITY_ADD
CENT,UNKNOWN,IDX_ACTIVE_LIQUIDITY_ADD
ELPI,UNKNOWN,IDX_ACTIVE_LIQUIDITY_ADD
KLAS,UNKNOWN,IDX_ACTIVE_LIQUIDITY_ADD
MITI,UNKNOWN,IDX_ACTIVE_LIQUIDITY_ADD
PBSA,UNKNOWN,IDX_ACTIVE_LIQUIDITY_ADD
GOTO,UNKNOWN,IDX_ACTIVE_LIQUIDITY_ADD
HAJJ,UNKNOWN,IDX_ACTIVE_LIQUIDITY_ADD
FUJI,UNKNOWN,IDX_ACTIVE_LIQUIDITY_ADD
TMAS,UNKNOWN,IDX_ACTIVE_LIQUIDITY_ADD
LABA,UNKNOWN,IDX_ACTIVE_LIQUIDITY_ADD
MERI,UNKNOWN,IDX_ACTIVE_LIQUIDITY_ADD
DKHH,UNKNOWN,IDX_ACTIVE_LIQUIDITY_ADD
IPCC,UNKNOWN,IDX_ACTIVE_LIQUIDITY_ADD
IBOS,UNKNOWN,IDX_ACTIVE_LIQUIDITY_ADD
PGUN,UNKNOWN,IDX_ACTIVE_LIQUIDITY_ADD
STRK,UNKNOWN,IDX_ACTIVE_LIQUIDITY_ADD
OPMS,UNKNOWN,IDX_ACTIVE_LIQUIDITY_ADD
PPGL,UNKNOWN,IDX_ACTIVE_LIQUIDITY_ADD
TBIG,UNKNOWN,IDX_ACTIVE_LIQUIDITY_ADD
ISEA,UNKNOWN,IDX_ACTIVE_LIQUIDITY_ADD
SMAR,UNKNOWN,IDX_ACTIVE_LIQUIDITY_ADD
IMJS,UNKNOWN,IDX_ACTIVE_LIQUIDITY_ADD
CARS,UNKNOWN,IDX_ACTIVE_LIQUIDITY_ADD
BANK,UNKNOWN,IDX_ACTIVE_LIQUIDITY_ADD
PART,UNKNOWN,IDX_ACTIVE_LIQUIDITY_ADD
CFIN,UNKNOWN,IDX_ACTIVE_LIQUIDITY_ADD
ALII,UNKNOWN,IDX_ACTIVE_LIQUIDITY_ADD
BABY,UNKNOWN,IDX_ACTIVE_LIQUIDITY_ADD
SILO,UNKNOWN,IDX_ACTIVE_LIQUIDITY_ADD
ESTI,UNKNOWN,IDX_ACTIVE_LIQUIDITY_ADD
CASS,UNKNOWN,IDX_ACTIVE_LIQUIDITY_ADD
WEHA,UNKNOWN,IDX_ACTIVE_LIQUIDITY_ADD
APIC,UNKNOWN,IDX_ACTIVE_LIQUIDITY_ADD
BGTG,UNKNOWN,IDX_ACTIVE_LIQUIDITY_ADD
DOSS,UNKNOWN,IDX_ACTIVE_LIQUIDITY_ADD
DOID,UNKNOWN,IDX_ACTIVE_LIQUIDITY_ADD
ADMF,UNKNOWN,IDX_ACTIVE_LIQUIDITY_ADD
GSMF,UNKNOWN,IDX_ACTIVE_LIQUIDITY_ADD
LOPI,UNKNOWN,IDX_ACTIVE_LIQUIDITY_ADD
MLBI,UNKNOWN,IDX_ACTIVE_LIQUIDITY_ADD
INPC,UNKNOWN,IDX_ACTIVE_LIQUIDITY_ADD
DFAM,UNKNOWN,IDX_ACTIVE_LIQUIDITY_ADD
TAXI,UNKNOWN,IDX_ACTIVE_LIQUIDITY_ADD
PJHB,UNKNOWN,IDX_ACTIVE_LIQUIDITY_ADD
INDS,UNKNOWN,IDX_ACTIVE_LIQUIDITY_ADD
MDIY,UNKNOWN,IDX_ACTIVE_LIQUIDITY_ADD
POLA,UNKNOWN,IDX_ACTIVE_LIQUIDITY_ADD
GEMS,UNKNOWN,IDX_ACTIVE_LIQUIDITY_ADD
GOLF,UNKNOWN,IDX_ACTIVE_LIQUIDITY_ADD
ADES,UNKNOWN,IDX_ACTIVE_LIQUIDITY_ADD
AGRS,UNKNOWN,IDX_ACTIVE_LIQUIDITY_ADD
PPRO,UNKNOWN,IDX_ACTIVE_LIQUIDITY_ADD
MGNA,UNKNOWN,IDX_ACTIVE_LIQUIDITY_ADD
ISAP,UNKNOWN,IDX_ACTIVE_LIQUIDITY_ADD
PMUI,UNKNOWN,IDX_ACTIVE_LIQUIDITY_ADD
GWSA,UNKNOWN,IDX_ACTIVE_LIQUIDITY_ADD
ACRO,UNKNOWN,IDX_ACTIVE_LIQUIDITY_ADD
BELI,UNKNOWN,IDX_ACTIVE_LIQUIDITY_ADD
INOV,UNKNOWN,IDX_ACTIVE_LIQUIDITY_ADD
YOII,UNKNOWN,IDX_ACTIVE_LIQUIDITY_ADD
SHIP,UNKNOWN,IDX_ACTIVE_LIQUIDITY_ADD
KSIX,UNKNOWN,IDX_ACTIVE_LIQUIDITY_ADD
DART,UNKNOWN,IDX_ACTIVE_LIQUIDITY_ADD
OLIV,UNKNOWN,IDX_ACTIVE_LIQUIDITY_ADD
KICI,UNKNOWN,IDX_ACTIVE_LIQUIDITY_ADD
PMJS,UNKNOWN,IDX_ACTIVE_LIQUIDITY_ADD
KAEF,UNKNOWN,IDX_ACTIVE_LIQUIDITY_ADD
NELY,UNKNOWN,IDX_ACTIVE_LIQUIDITY_ADD
SOTS,UNKNOWN,IDX_ACTIVE_LIQUIDITY_ADD
PANS,UNKNOWN,IDX_ACTIVE_LIQUIDITY_ADD
MIRA,UNKNOWN,IDX_ACTIVE_LIQUIDITY_ADD
IDEA,UNKNOWN,IDX_ACTIVE_LIQUIDITY_ADD
HELI,UNKNOWN,IDX_ACTIVE_LIQUIDITY_ADD
ARGO,UNKNOWN,IDX_ACTIVE_LIQUIDITY_ADD
ASMI,UNKNOWN,IDX_ACTIVE_LIQUIDITY_ADD
BHIT,UNKNOWN,IDX_ACTIVE_LIQUIDITY_ADD
BACA,UNKNOWN,IDX_ACTIVE_LIQUIDITY_ADD
TAMU,UNKNOWN,IDX_ACTIVE_LIQUIDITY_ADD
